{"R1": 2.7406614132592595, "R2": 3.3243333333333336, "R3": 3.4659, "R4": 3.2833666666666663, "R5": 2.418633333333333, "R6": 2.9665, "R7": 3.2101666666666664}
